<?xml version="1.0" encoding="utf-8"?>
<extension type="module" version="3.1.0" client="site" method="upgrade">
    <name>Featured Property!</name>
    <author>Vilas Shetkar</author>
    <version>1.1.0</version>
    <description>Featured Property! module.</description>
    <files>
        <filename>mod_featuredprop.xml</filename>
        <filename module="mod_featuredprop">mod_featuredprop.php</filename>
        <filename>index.html</filename>
        <filename>helper.php</filename>
        <filename>tmpl/default.php</filename>
        <filename>tmpl/index.html</filename>
    </files>
    <config>
    </config>
</extension>